locx,locy,vecx,vecy
-5.1923076923076925,-3.0,0.4440877566759702,0.18688881723645098
-1.1538461538461542,-1.923076923076923,0.11679745062403275,0.03836797586909898
1.8076923076923075,-1.4615384615384615,-0.14561188418445534,1.4112410404228868
-1.1538461538461542,-0.07692307692307665,0.3343680223745706,0.5110146383164993
-5.1923076923076925,0.5384615384615388,0.26592720834777456,-0.0753191789643823
4.23076923076923,0.5384615384615388,0.06052690808363455,-0.5915647657222577
2.346153846153845,1.7692307692307692,0.2574885645534123,-1.346043013424111
-5.730769230769231,1.9230769230769234,0.9205168084801039,0.042977568548190986
-1.9615384615384617,2.0769230769230775,1.0720007582701783,-0.3591537088494033